name,idea,website,industry,pain_point,automation_idea,generated_email
JURISFLO PRIVATE LIMITED,"Jurisflo is building India’s first AI-powered legal operating system—redefining how legal professionals work, think, and deliver outcomes.

The legal ecosystem today is vast but deeply fragmented. Lawyers juggle multiple tools, manual processes, and disconnected systems for case management, research, drafting, and court workflows. This not only reduces efficiency but also slows down the delivery of justice itself.

Jurisflo was created to change that.

We bring together legal workflows, intelligence, and automation into one unified platform, enabling advocates and law firms to manage their entire practice from a single intelligent dashboard. Powered by a domain-validated AI architecture, Jurisflo delivers accurate, contextual, and reliable assistance across research, drafting, analysis, and decision-making—transforming AI from a generic tool into a true legal co-pilot.

But our vision goes beyond productivity.

We are building the foundation for India’s digital justice infrastructure—a connected ecosystem that will eventually serve not just advocates, but also courts, institutions, and the broader legal system. By reducing inefficiencies, improving transparency, and accelerating workflows, Jurisflo aims to make legal practice more effective and justice more accessible.

At its core, Jurisflo is driven by a simple belief:
The future of law is not manual—it is intelligent, unified, and built for scale.",https://www.jurisflo.in/,AI,"The legal ecosystem in India is highly fragmented, with lawyers juggling multiple tools for case management, research, drafting, and court workflows. This leads to reduced efficiency and slow delivery of justice.","Jurisflo aims to address this pain point by building an AI-powered legal operating system that unifies these workflows into one platform. By automating tasks such as research, drafting, analysis, and decision-making, Jurisflo can help legal professionals increase efficiency and accelerate workflows.","Hi JURISFLO PRIVATE LIMITED Team,

I've been following your work on building India's first AI-powered legal operating system, and I must say it's impressive. The focus on unifying legal workflows into one platform is particularly intriguing.

In my experience, managing multiple tools for case management, research, drafting, and court workflows is a significant operational bottleneck for many law firms. This results in reduced efficiency and slower delivery of justice.

Your approach to automate these tasks with AI could potentially streamline these processes, improving productivity and accelerating workflows.

I'd love to discuss further how my expertise in AI automation can support your mission to revolutionize the legal ecosystem in India.

Best,
Ayush"
AI NAMA PRIVATE LIMITED,"AI Nama is an intelligent, voice enabled,  indic language-first Mobile App &amp;amp; website real estate search engine designed for the Indian market.",https://ainama.in,AI,"Inefficient handling and interpretation of user queries in Indic languages due to the complexity and variety of these languages, which could lead to misunderstandings or incorrect results in real estate search.","Implementing advanced Natural Language Processing (NLP) models specialized for Indic languages to improve the accuracy and efficiency of interpreting user queries. This could involve using machine learning techniques to understand local dialects, slang, and colloquialisms that are commonly used in real estate conversations.","{""Hi AI Nama Private Limited Team,\n\nYour innovative approach to developing an Indic language-first mobile app and website real estate search engine, specifically focusing on the implementation of machine learning techniques to understand local dialects, slang, and colloquialisms, caught my attention.\n\nI've noticed that this level of linguistic nuance understanding could potentially streamline the interpretation of user queries in Indic languages, reducing misunderstandings and ensuring more accurate search results. However, I suspect this might be a challenging task due to the complexity and variety of these languages.\n\nTo address this, I propose enhancing your current NLP models with advanced capabilities that can adapt to the regional dialects and idiosyncrasies in real estate conversations, thereby improving the efficiency of query interpretation. This could significantly improve user experience and lead generation for your platform.\n\nLooking forward to discussing potential collaboration.\nBest,\nAyush (AI Automation Consultant)"
ADVAITA CYBERNETICS PRIVATE LIMITED,"Advaita Cybernetics Private Limited is an Indian deep-tech startup pioneering the development of the world's first biologically accurate artificial general intelligence (AGI) system. Founded with the vision of creating machines that genuinely think, reason, learn, and evolve like the human brain, the company operates at the intersection of computational neuroscience, neuromorphic engineering, advanced robotics, and custom semiconductor design.
Unlike the current generation of artificial intelligence — large language models (LLMs) such as ChatGPT, Gemini, and Claude — which rely on statistical pattern matching over massive text corpora to predict the next word, our flagship platform TrinetraAI takes a fundamentally different approach. TrinetraAI is built on a spiking neural network (SNN) architecture modeled after the actual biological mechanisms of the human brain: 86 billion neurons with spike-timing-dependent plasticity (STDP), hippocampal memory, spreading activation for domain routing, first-principles reasoning from typed axioms, and biological sleep cycles for memory consolidation and creative synthesis.
The company's name ""Advaita"" (अद्वैत) is a Sanskrit philosophical term meaning ""non-dual"" — reflecting our core belief that consciousness and computation are not separate phenomena but two manifestations of the same underlying intelligence. This philosophy drives our engineering: rather than building narrow AI tools that mimic intelligence superficially, we are constructing a complete artificial being — brain, body, neuromorphic processor, custom GPU, and energy source.
Advaita Cybernetics is a full-stack AI company with no dependency on external AI providers. We design our own intelligence, hardware to run it, humanoid bodies to embody it, vision system to perceive the world, and energy core to power it Hridaya. This complete vertical integration — from silicon to cognition to embodiment — is unprecedented in the global AI industry.",advaitacybernetics.com,AI,"The primary operational bottleneck for Advaita Cybernetics Private Limited could be the complex and highly specialized nature of their flagship product, TrinetraAI. The development and optimization of a spiking neural network (SNN) architecture that accurately mirrors human brain functionality is an intricate process with many potential failure points. This includes the modeling of 86 billion neurons with spike-timing-dependent plasticity (STDP), hippocampal memory, spreading activation for domain routing, first-principles reasoning from typed axioms, and biological sleep cycles for memory consolidation and creative synthesis. The time-consuming and resource-intensive research and development required to perfect these components may lead to delays in product deployment and scalability issues.","To alleviate this operational bottleneck, Advaita Cybernetics could consider implementing an automated machine learning (AutoML) system for the optimization of their SNN architecture. By utilizing AutoML, they can automate the process of model selection, hyperparameter tuning, and neural network architecture design. This would significantly reduce the time and resources required to perfect each component of TrinetraAI, thereby expediting the development process, improving scalability, and potentially reducing internal friction.","Hi ADVAITA CYBERNETICS PRIVATE LIMITED Team,

Considering the intricate modeling of 86 billion neurons with spike-timing-dependent plasticity (STDP) in TrinetraAI, manual optimization is a time-consuming and resource-intensive process. This could lead to delays in product deployment and scalability issues.

To alleviate this operational bottleneck, we suggest implementing an automated machine learning (AutoML) system for optimizing the STDP modeling within your SNN architecture. AutoML can automate model selection, hyperparameter tuning, and neural network architecture design, significantly reducing time and resources required, thereby expediting development and improving scalability."
